ФРАЗА (С МИНУС-СЛОВАМИ);ЗАГОЛОВОК1;ЗАГОЛОВОК2;ТЕКСТ
газовщик;Газовщик!;От 500 рублей!;Вызовите газовщика на дом бесплатно для получения консультации и диагностики!
газовщик спб;Газовщик СПб!;От 500 рублей!;Вызовите газовщика на дом бесплатно для получения консультации и диагностики!
газовщик на дом;Газовщик на дом!;От 500 рублей!;Вызовите газовщика на дом бесплатно для получения консультации и диагностики!
вызвать газовщика;Вызвать газовщика!;От 500 рублей!;Вызовите газовщика на дом бесплатно для получения консультации и диагностики!
вызов газовщика;Вызов газовщика!;От 500 рублей!;Вызовите газовщика на дом бесплатно для получения консультации и диагностики!
газовщик на дом спб;Газовщик на дом СПб!;От 500 рублей!;Вызовите газовщика на дом бесплатно для получения консультации и диагностики!
вызов газовщика на дом;Вызов газовщика на дом!;От 500 рублей!;Вызовите газовщика на дом бесплатно для получения консультации и диагностики!
вызвать газовщика на дом;Вызвать газовщика на дом!;От 500 рублей!;Вызовите газовщика на дом бесплатно для получения консультации и диагностики!
вызов газовщика спб;Вызов газовщика СПб!;От 500 рублей!;Вызовите газовщика на дом бесплатно для получения консультации и диагностики!
вызов газовщика на дом спб;Вызов газовщика на дом СПб!;От 500 рублей!;Вызовите газовщика на дом бесплатно для получения консультации и диагностики!
вызвать газовщика спб;Вызвать газовщика СПб!;От 500 рублей!;Вызовите газовщика на дом бесплатно для получения консультации и диагностики!
вызвать газовщика на дом спб;Вызвать газовщика на дом СПб!;От 500 рублей!;Вызовите газовщика на дом бесплатно для получения консультации и диагностики!
вызов газовщика на дом спб ленгаз;Вызов газовщика на дом СПб ленгаз!;От 500 рублей!;Вызовите газовщика на дом бесплатно для получения консультации и диагностики!
газовщик установка;Газовщик установка!;От 500 рублей!;Вызовите газовщика на дом бесплатно для получения консультации и диагностики!
услуги газовщика;Услуги газовщика!;От 500 рублей!;Вызовите газовщика на дом бесплатно для получения консультации и диагностики!
газовщик петербург;Газовщик петербург!;От 500 рублей!;Вызовите газовщика на дом бесплатно для получения консультации и диагностики!
газовщик отзывы;Газовщик отзывы!;От 500 рублей!;Вызовите газовщика на дом бесплатно для получения консультации и диагностики!
газовщик санкт петербург;Газовщик санкт петербург!;От 500 рублей!;Вызовите газовщика на дом бесплатно для получения консультации и диагностики!
сантехник газовщик;Сантехник газовщик!;От 500 рублей!;Вызовите газовщика на дом бесплатно для получения консультации и диагностики!
газовщик в квартиру;Газовщик в квартиру!;От 500 рублей!;Вызовите газовщика на дом бесплатно для получения консультации и диагностики!
как вызвать газовщика на дом спб бесплатно;Как вызвать газовщика на дом СПб!;Бесплатно От 500 рублей!;Вызовите газовщика на дом бесплатно для получения консультации и диагностики!
газовщик выборгского района;Газовщик выборгского района!;От 500 рублей!;Вызовите газовщика на дом бесплатно для получения консультации и диагностики!
московский газовщик;Московский газовщик!;От 500 рублей!;Вызовите газовщика на дом бесплатно для получения консультации и диагностики!
компания газовщиков;Компания газовщиков!;От 500 рублей!;Вызовите газовщика на дом бесплатно для получения консультации и диагностики!
газовщики московского района;Газовщики московского района!;От 500 рублей!;Вызовите газовщика на дом бесплатно для получения консультации и диагностики!
вызвать газовщика ленгаз;Вызвать газовщика ленгаз!;От 500 рублей!;Вызовите газовщика на дом бесплатно для получения консультации и диагностики!
вызвать газовщика на дом спб ленгаз;Вызвать газовщика на дом СПб ленгаз;От 500 рублей!;Вызовите газовщика на дом бесплатно для получения консультации и диагностики!
газовщик красносельский район;Газовщик красносельский район!;От 500 рублей!;Вызовите газовщика на дом бесплатно для получения консультации и диагностики!
слесарь газовщик;Слесарь газовщик!;От 500 рублей!;Вызовите газовщика на дом бесплатно для получения консультации и диагностики!
петербургский газовщик;Петербургский газовщик!;От 500 рублей!;Вызовите газовщика на дом бесплатно для получения консультации и диагностики!
обязанности газовщика;Обязанности газовщика!;От 500 рублей!;Вызовите газовщика на дом бесплатно для получения консультации и диагностики!
газпром вызов газовщика;Газпром вызов газовщика!;От 500 рублей!;Вызовите газовщика на дом бесплатно для получения консультации и диагностики!
частный газовщик;Частный газовщик!;От 500 рублей!;Вызовите газовщика на дом бесплатно для получения консультации и диагностики!
вызов газовщика на дом спб красногвардейский район;Вызов газовщика на дом СПб красногвардейский;Район От 500 рублей!;Вызовите газовщика на дом бесплатно для получения консультации и диагностики!
телефон газовщиков;Телефон газовщиков!;От 500 рублей!;Вызовите газовщика на дом бесплатно для получения консультации и диагностики!
газовщики отключили газ;Газовщики отключили газ!;От 500 рублей!;Вызовите газовщика на дом бесплатно для получения консультации и диагностики!
газовщик в тосно;Газовщик в тосно!;От 500 рублей!;Вызовите газовщика на дом бесплатно для получения консультации и диагностики!
нужен газовщик;Нужен газовщик!;От 500 рублей!;Вызовите газовщика на дом бесплатно для получения консультации и диагностики!
мастер газовщик;Мастер газовщик!;От 500 рублей!;Вызовите газовщика на дом бесплатно для получения консультации и диагностики!
газовщики ходят по квартирам;Газовщики ходят по квартирам!;От 500 рублей!;Вызовите газовщика на дом бесплатно для получения консультации и диагностики!
газовщик pro;Газовщик pro!;От 500 рублей!;Вызовите газовщика на дом бесплатно для получения консультации и диагностики!
газпром вызов газовщика на дом;Газпром вызов газовщика на дом!;От 500 рублей!;Вызовите газовщика на дом бесплатно для получения консультации и диагностики!
пришли газовщики;Пришли газовщики!;От 500 рублей!;Вызовите газовщика на дом бесплатно для получения консультации и диагностики!
номер газовщиков;Номер газовщиков!;От 500 рублей!;Вызовите газовщика на дом бесплатно для получения консультации и диагностики!
услуги газовщика в санкт петербурге;Услуги газовщика в санкт петербурге;От 500 рублей!;Вызовите газовщика на дом бесплатно для получения консультации и диагностики!
вызов газовщика на дом спб невский район;Вызов газовщика на дом СПб невский!;Район От 500 рублей!;Вызовите газовщика на дом бесплатно для получения консультации и диагностики!
газовщик про;Газовщик про!;От 500 рублей!;Вызовите газовщика на дом бесплатно для получения консультации и диагностики!
посоветуйте газовщика с лицензией ремонт колонки;Посоветуйте газовщика с лицензией!;Ремонт колонки От 500 рублей!;Вызовите газовщика на дом бесплатно для получения консультации и диагностики!
отзывы о компании петербургский газовщик;Отзывы о компании петербургский газовщик;От 500 рублей!;Вызовите газовщика на дом бесплатно для получения консультации и диагностики!
вызвать газовщика для подключения плиты;Вызвать газовщика для подключения!;Плиты От 500 рублей!;Вызовите газовщика на дом бесплатно для получения консультации и диагностики!
петербурггаз вызов газовщика;Петербурггаз вызов газовщика!;От 500 рублей!;Вызовите газовщика на дом бесплатно для получения консультации и диагностики!
смотреть газовщик;Смотреть газовщик!;От 500 рублей!;Вызовите газовщика на дом бесплатно для получения консультации и диагностики!
бесплатный вызов газовщика на дом;Бесплатный вызов газовщика на дом!;От 500 рублей!;Вызовите газовщика на дом бесплатно для получения консультации и диагностики!
служба газовщиков;Служба газовщиков!;От 500 рублей!;Вызовите газовщика на дом бесплатно для получения консультации и диагностики!
найти газовщика;Найти газовщика!;От 500 рублей!;Вызовите газовщика на дом бесплатно для получения консультации и диагностики!
1 газовщик;1 газовщик!;От 500 рублей!;Вызовите газовщика на дом бесплатно для получения консультации и диагностики!
компания газовщик в спб;Компания газовщик в СПб!;От 500 рублей!;Вызовите газовщика на дом бесплатно для получения консультации и диагностики!
сайты газовщиков;Сайты газовщиков!;От 500 рублей!;Вызовите газовщика на дом бесплатно для получения консультации и диагностики!
корочка газовщика;Корочка газовщика!;От 500 рублей!;Вызовите газовщика на дом бесплатно для получения консультации и диагностики!
вызов газовщика быдло;Вызов газовщика быдло!;От 500 рублей!;Вызовите газовщика на дом бесплатно для получения консультации и диагностики!
газовик или газовщик;Газовик или газовщик!;От 500 рублей!;Вызовите газовщика на дом бесплатно для получения консультации и диагностики!
что делает газовщик;Что делает газовщик!;От 500 рублей!;Вызовите газовщика на дом бесплатно для получения консультации и диагностики!
фото газовщиков;Фото газовщиков!;От 500 рублей!;Вызовите газовщика на дом бесплатно для получения консультации и диагностики!
форма газовщиков;Форма газовщиков!;От 500 рублей!;Вызовите газовщика на дом бесплатно для получения консультации и диагностики!
газовщик москва;Газовщик москва!;От 500 рублей!;Вызовите газовщика на дом бесплатно для получения консультации и диагностики!
частный газовщик на дом;Частный газовщик на дом!;От 500 рублей!;Вызовите газовщика на дом бесплатно для получения консультации и диагностики!
сколько стоит вызов газовщика на дом;Сколько стоит вызов газовщика!;На дом От 500 рублей!;Вызовите газовщика на дом бесплатно для получения консультации и диагностики!
газовщики заставляют менять плиту;Газовщики заставляют менять плиту!;От 500 рублей!;Вызовите газовщика на дом бесплатно для получения консультации и диагностики!
что должен проверить газовщик;Что должен проверить газовщик!;От 500 рублей!;Вызовите газовщика на дом бесплатно для получения консультации и диагностики!
сколько стоит вызов газовщиков;Сколько стоит вызов газовщиков!;От 500 рублей!;Вызовите газовщика на дом бесплатно для получения консультации и диагностики!
договор с газовщиками;Договор с газовщиками!;От 500 рублей!;Вызовите газовщика на дом бесплатно для получения консультации и диагностики!
сколько стоит вызвать газовщика;Сколько стоит вызвать газовщика!;От 500 рублей!;Вызовите газовщика на дом бесплатно для получения консультации и диагностики!
обязательно ли вызывать газовщика для подключения плиты;Обязательно ли вызывать газовщика!;Для подключения плиты;Вызовите газовщика на дом бесплатно для получения консультации и диагностики!
вызов газовщика на дом москва;Вызов газовщика на дом москва!;От 500 рублей!;Вызовите газовщика на дом бесплатно для получения консультации и диагностики!
вызов газовщика для подключения газовой плиты;Вызов газовщика для подключения газовой;Плиты От 500 рублей!;Вызовите газовщика на дом бесплатно для получения консультации и диагностики!
удостоверение газовщика;Удостоверение газовщика!;От 500 рублей!;Вызовите газовщика на дом бесплатно для получения консультации и диагностики!
номер телефона газовщиков;Номер телефона газовщиков!;От 500 рублей!;Вызовите газовщика на дом бесплатно для получения консультации и диагностики!
набор газовщика;Набор газовщика!;От 500 рублей!;Вызовите газовщика на дом бесплатно для получения консультации и диагностики!
дело газовщика;Дело газовщика!;От 500 рублей!;Вызовите газовщика на дом бесплатно для получения консультации и диагностики!
горгаз вызвать газовщика;Горгаз вызвать газовщика!;От 500 рублей!;Вызовите газовщика на дом бесплатно для получения консультации и диагностики!
газовщики требуют;Газовщики требуют!;От 500 рублей!;Вызовите газовщика на дом бесплатно для получения консультации и диагностики!
газовщики отказываются;Газовщики отказываются!;От 500 рублей!;Вызовите газовщика на дом бесплатно для получения консультации и диагностики!
газовщик ру;Газовщик ру!;От 500 рублей!;Вызовите газовщика на дом бесплатно для получения консультации и диагностики!
газовщик на дом москва;Газовщик на дом москва!;От 500 рублей!;Вызовите газовщика на дом бесплатно для получения консультации и диагностики!
газовщик замена плиты;Газовщик замена плиты!;От 500 рублей!;Вызовите газовщика на дом бесплатно для получения консультации и диагностики!
газовая колонка отзывы газовщиков;Газовая колонка отзывы газовщиков!;От 500 рублей!;Вызовите газовщика на дом бесплатно для получения консультации и диагностики!
вызов газовщика для подключения плиты;Вызов газовщика для подключения плиты;От 500 рублей!;Вызовите газовщика на дом бесплатно для получения консультации и диагностики!
авито газовщик;Авито газовщик!;От 500 рублей!;Вызовите газовщика на дом бесплатно для получения консультации и диагностики!
